"key,""rank"""
vit_11s0052g00630,1
vit_17s0000g01930,2
vit_17s0000g00430,3
vit_19s0015g00510,4
vit_07s0031g00420,5
vit_18s0001g03120,6
vit_14s0083g01130,7
vit_02s0025g02630,8
vit_07s0031g01160,9
vit_08s0058g00800,10
vit_02s0109g00230,11
vit_06s0004g04490,12
vit_14s0219g00280,13
vit_12s0059g00230,14
vit_12s0057g00700,15
vit_03s0063g01880,16
vit_04s0043g00510,17
vit_08s0056g00800,18
vit_09s0002g03140,19
vit_12s0142g00160,20
vit_15s0046g00710,21
vit_18s0001g03240,22
vit_15s0046g00170,23
vit_13s0067g00730,24
vit_12s0028g03960,25
vit_03s0038g03570,26
vit_08s0040g01820,27
vit_00s0665g00020,28
vit_11s0016g03760,29
vit_01s0026g00080,30
vit_19s0090g00710,31
vit_18s0001g11120,32
vit_05s0077g00730,33
vit_18s0072g01000,34
vit_06s0004g02560,35
vit_05s0020g01490,36
vit_04s0008g03820,37
vit_18s0001g12830,38
vit_18s0001g01130,39
vit_18s0001g02720,40
vit_08s0007g00570,41
vit_08s0040g02610,42
vit_04s0023g01720,43
vit_14s0108g01080,44
vit_08s0056g01130,45
vit_06s0009g03390,46
vit_19s0015g01300,47
vit_16s0050g00830,48
vit_13s0067g00400,49
vit_08s0058g00910,50
vit_02s0033g00450<br>vit_02s0033g00380<br>vit_02s0033g00390<br>vit_02s0033g00410,51
vit_12s0059g02240,52
vit_06s0009g01620,53
vit_15s0046g00700,54
vit_10s0116g01870,55
vit_17s0000g05580,56
vit_11s0037g00320,57
vit_13s0067g00700,58
vit_04s0023g02150,59
vit_18s0001g05950,60
vit_19s0014g04620,61
vit_02s0025g00560,62.5
vit_15s0046g03600,62.5
vit_12s0057g01060,64
vit_09s0002g03130,65
vit_18s0001g10030,66
vit_02s0033g01050,67
vit_01s0010g02750,68
vit_09s0002g03000,69
vit_05s0102g00370,70
vit_00s0179g00110,71
vit_05s0020g04690,72
vit_01s0182g00130,73
vit_14s0066g02410,74
vit_13s0067g02910,75
vit_03s0038g03730,76
vit_16s0100g00400,77
vit_00s0207g00010,78
vit_14s0108g00150,79
vit_18s0086g00190,80
vit_02s0025g00820,81
vit_06s0004g00590,82
vit_00s0274g00080,83
vit_12s0055g00810,84
vit_07s0031g00520,85
vit_04s0008g06370,86
vit_10s0003g00600,87
vit_12s0059g00190,88
vit_04s0023g03230,89
vit_19s0090g00840,90
vit_09s0002g03050,91
vit_13s0047g00230,92
vit_13s0019g02940,93
vit_01s0011g02330,94
vit_10s0042g00470,95
vit_19s0015g00740,96
vit_05s0020g04680,97
vit_17s0000g06360,98
vit_01s0026g02040,99
vit_10s0092g00150,100
vit_07s0104g00800,101
vit_14s0066g00400,102
vit_06s0004g05800,103
vit_11s0016g04270,104
vit_06s0004g06700,105
vit_10s0003g00780,106
vit_09s0054g01370,107
vit_09s0054g01220,108
vit_05s0094g00350,109
vit_16s0100g00670,110
vit_18s0001g06690,111
vit_19s0177g00270,112
vit_08s0007g00710,113
vit_02s0025g02620,114
vit_13s0067g02930,115
vit_10s0003g04950,116
vit_19s0014g01780,117
vit_15s0046g00680,118
vit_05s0029g00480,119
vit_02s0025g01730,120
vit_07s0005g02710,121
vit_05s0062g00760,122
vit_13s0019g04900,123
vit_11s0037g00840,124
vit_19s0177g00190,125
vit_18s0001g11610,126
vit_14s0068g00170,127
vit_11s0037g01230,128
vit_05s0077g01980,129
vit_05s0102g00880,130
vit_07s0205g00180,131
vit_05s0094g01210,132
vit_18s0122g00220,133
vit_13s0064g01760,134
vit_19s0090g00050,135
vit_18s0001g14910,136
vit_18s0072g01170,137
vit_07s0031g01890,138
vit_18s0001g07380,139
vit_02s0033g01060,140
vit_03s0097g00460,141
vit_02s0012g01180,142
vit_18s0001g12110,143
vit_09s0002g00300,144
vit_04s0008g01850,145
vit_02s0025g01240,146
vit_00s1663g00010,147
vit_02s0012g01680,148
vit_00s0225g00080,149
vit_06s0004g07560,150
vit_15s0046g00630,151
vit_14s0066g01350,152
vit_00s1682g00010,153
vit_00s0233g00180<br>vit_02s0154g00190,154
vit_12s0059g01590,155
vit_13s0067g00140,156
vit_12s0134g00670,157
vit_17s0000g09270,158
vit_08s0040g00520,159
vit_13s0019g03020,160
vit_06s0004g03210,161
vit_18s0041g01480,162
vit_06s0004g00230,163
vit_18s0001g00690,164
vit_05s0020g04670,165
vit_04s0008g03100,166
vit_12s0057g00520,167
vit_07s0151g00010,168
vit_15s0021g02700,169
vit_13s0047g00360,170
vit_01s0011g04620,171
vit_15s0046g03240,172
vit_10s0003g01940,173
vit_08s0007g01750,174
vit_18s0001g09700,175
vit_05s0029g01410,176
vit_17s0000g04150,177
vit_02s0033g01120,178
vit_14s0006g02960,179
vit_15s0048g00550,180
vit_18s0001g14980,181
vit_14s0006g02290,182
vit_14s0081g00630,183
vit_03s0063g00490,184
vit_11s0103g00210,185
vit_00s0245g00050,186
vit_07s0005g01790,187
vit_19s0090g00660,188
vit_16s0022g00840,189
vit_15s0046g00310,190
vit_15s0046g00500,191
vit_12s0055g01140,192
vit_18s0166g00220,193
vit_05s0020g04480,194
vit_00s1333g00010,195
vit_04s0008g03680,196
vit_01s0026g01020,197
vit_08s0007g09000,198
vit_15s0046g01640,199
vit_13s0019g02810,200
vit_09s0002g06310,201
vit_09s0018g01280,202
vit_00s0531g00030,203
vit_03s0038g01410,204
vit_03s0017g01130,205
vit_05s0049g00770,206
vit_07s0005g01670,207
vit_04s0008g02520,208
vit_03s0091g00670,209
vit_14s0006g02530,210
vit_10s0071g00270,211
vit_18s0041g02320,212
vit_05s0029g00450,213
vit_09s0002g01890,214
vit_12s0028g03270,215
vit_08s0040g00690,216
vit_17s0000g05140,217
vit_06s0004g07640,218
vit_14s0068g01520,219
vit_06s0004g01130,220
vit_05s0077g02300,221
vit_11s0118g00590,222
vit_04s0210g00170,223
vit_05s0102g00710,224
vit_02s0012g00090,225
vit_07s0151g00570,226
vit_00s0286g00050,227
vit_08s0007g00770,228
vit_17s0000g03280,229
vit_00s0245g00010,230
vit_17s0000g00130,231
vit_04s0008g02870,232
vit_19s0014g05160,233
vit_02s0025g00340,234
vit_02s0025g02250,235
vit_18s0122g00590,236
vit_05s0165g00170,237
vit_13s0019g01520,238
vit_14s0128g00400,239
vit_04s0023g01550,240
vit_14s0006g02320,241
vit_01s0137g00510,242
vit_04s0008g01250,243
vit_05s0051g00140,244
vit_00s0413g00010,245
vit_09s0054g00430,246
vit_03s0088g01150,247
vit_12s0059g01830,248
vit_18s0001g12010,249
vit_13s0019g00420,250
vit_08s0007g06680,251
vit_18s0072g00160,252
vit_18s0001g15230,253
vit_11s0016g03130,254
vit_08s0056g01240,255
vit_10s0003g01430,256
vit_17s0000g03580,257
vit_17s0000g02700,258
vit_07s0005g03310,259
vit_10s0597g00050,260
vit_09s0002g05560,261
vit_11s0016g05770,262
vit_05s0020g04440,263
vit_14s0081g00020,264
vit_05s0049g01290,265
vit_14s0006g00180,266
vit_16s0013g00220,267
vit_13s0019g00350,268
vit_02s0025g04410,269
vit_18s0001g12120,270
vit_19s0177g00230,271
vit_02s0033g00460<br>vit_02s0033g00400<br>vit_02s0033g00430,272
vit_12s0034g01160,273
vit_03s0063g01890,274
vit_01s0026g02030,275
vit_18s0001g11620,276
vit_11s0052g01090,277
vit_13s0073g00140,278
vit_07s0005g05660,279
vit_18s0001g10330,280
vit_15s0046g00510,281
vit_06s0061g00550,282
vit_11s0118g00180,283
vit_14s0066g01610,284
vit_18s0001g07240,285
vit_13s0084g00110,286
vit_14s0006g01930,287
vit_08s0007g07140,288
vit_18s0001g01590,289
vit_08s0007g05760,290
vit_00s0160g00220,291
vit_13s0019g03210,292
vit_19s0014g04900,293
vit_03s0063g00140,294
vit_14s0083g01160,295
vit_18s0001g07640,296
vit_02s0033g01000,297
vit_04s0008g03950,298
vit_07s0130g00040,299
vit_18s0166g00080,300
vit_08s0040g01070,301
vit_19s0090g00730,302
vit_04s0008g01800,303
vit_03s0038g04500,304
vit_11s0016g03500,305
vit_00s0516g00010,306
vit_06s0009g01460,307
vit_01s0011g01910,308
vit_06s0004g01340,309
vit_10s0116g01840,310
vit_03s0088g00410,311
vit_19s0090g00240,312
vit_18s0001g11930,313
vit_04s0210g00060,314
vit_02s0012g02810,315
vit_00s2576g00010,316
vit_12s0034g00250,317
vit_07s0031g01630,318
vit_16s0022g00720,319
vit_16s0098g01150,320
vit_13s0067g00710,321
vit_09s0018g00330,322
vit_14s0068g01020,323
vit_19s0015g01850,324
vit_12s0055g00800,325
vit_17s0000g02830,326
vit_06s0004g07800,327
vit_05s0049g00960,328
vit_08s0105g00450,329
vit_08s0007g06360,330
vit_19s0014g02330,331
vit_07s0104g01320,332
vit_00s0225g00100,333
vit_04s0043g00560,334
vit_09s0002g03940,335
vit_02s0025g04550,336
vit_00s2342g00020<br>vit_00s0524g00040,337
vit_00s0194g00140,338
vit_05s0077g00680,339
vit_09s0002g07220,340
vit_02s0109g00430,341
vit_04s0044g00500,342
vit_05s0029g00510,343
vit_03s0063g00550,344
vit_02s0025g05050,345
vit_15s0046g01960,346
vit_04s0008g02850,347
vit_01s0011g00140,348
vit_08s0007g02500,349
vit_04s0023g03540,350
vit_05s0020g02200,351
vit_04s0023g01750,352
vit_15s0024g00820,353
vit_17s0000g02880,354
vit_09s0096g00130,355
vit_15s0048g02880,356
vit_08s0007g04580,357
vit_13s0019g05230,358
vit_07s0104g00220,359
vit_14s0030g00220,360
vit_00s0586g00020,361
vit_19s0085g00030,362
vit_02s0025g03320,363
vit_08s0007g03250,364
vit_16s0050g00020,365
vit_08s0040g00780,366
vit_06s0080g00760,367
vit_14s0066g02270,368
vit_11s0016g02050,369
vit_10s0003g05840,370
vit_11s0016g01280,371
vit_17s0000g08290,372
vit_00s1463g00010,373
vit_09s0002g06990,374
vit_16s0022g00960,375
vit_09s0002g05150,376
vit_07s0005g01250,377
vit_01s0026g01140,378
vit_01s0150g00380,379
vit_15s0048g01990,380
vit_01s0026g01210,381
vit_16s0022g00470,382
vit_02s0012g01040,383
vit_06s0004g02990,384
vit_16s0100g00270,385
vit_16s0100g01000,386
vit_13s0106g00250,387
vit_14s0068g00140,388
vit_01s0127g00840,389
vit_04s0044g01650,390
vit_00s0313g00040,391
vit_09s0002g02490,392
vit_11s0052g00320,393
vit_11s0016g00580,394
vit_00s0593g00010,395
vit_19s0090g01750,396
vit_16s0100g01150,397
vit_18s0001g13510,398
vit_17s0000g02530,399
vit_19s0014g03400,400
vit_06s0004g04180,401
vit_10s0092g00480,402
vit_12s0028g01850,403
vit_19s0015g01310,404
vit_11s0016g01300,405
vit_17s0000g06300,406
vit_01s0026g00570,407
vit_09s0002g03030,408
vit_18s0122g01280,409
vit_09s0018g01700,410
vit_17s0000g09300,411
vit_17s0000g06020,412
vit_03s0017g01490,413
vit_05s0020g03130,414
vit_13s0074g00390,415
vit_00s0531g00050,416
vit_03s0017g00270,417
vit_07s0005g00980,418
vit_07s0141g01050,419
vit_16s0100g00390,420
vit_16s0013g00830,421
vit_05s0029g00140,422
vit_01s0026g00980,423
vit_19s0014g04010,424
vit_00s0499g00030,425
vit_02s0012g01940,426
vit_04s0023g03550,427
vit_02s0025g02600,428
vit_05s0077g01130,429
vit_19s0014g03730,430
vit_11s0016g05530,431
vit_05s0077g00530,432
vit_03s0063g02250,433
vit_08s0058g01210,434
vit_01s0026g02280,435
vit_09s0002g08940,436
vit_19s0027g01810,437
vit_00s1328g00020,438
vit_10s0116g01580,439
vit_12s0035g02090,440
vit_02s0025g02440,441
vit_06s0004g01480,442
vit_18s0001g01470,443
vit_01s0026g02620,444
vit_02s0087g00630,445
vit_04s0023g03710,446
vit_00s0684g00010,447
vit_06s0004g06090,448
vit_18s0075g00570,449
vit_04s0023g01130,450
vit_18s0001g15260,451
vit_19s0015g02080,452
vit_05s0020g02160,453
vit_05s0020g03600,454
vit_14s0128g00470,455
vit_12s0059g00150,456
vit_09s0002g04170,457
vit_15s0021g01350,458
vit_00s0631g00010<br>vit_00s0201g00090,459
vit_10s0003g03910,460
vit_17s0000g10260,461
vit_00s0267g00030,462
vit_10s0003g00560,463
vit_16s0022g00430,464
vit_12s0142g00640,465
vit_05s0077g01970,466
vit_12s0035g01990,467
vit_09s0054g00690,468
vit_02s0025g00730,469
vit_15s0048g01500,470
vit_19s0014g01290,471
vit_03s0063g00500,472
vit_01s0244g00140,473
vit_12s0059g00750,474
vit_11s0052g00870,475
vit_16s0022g00370,476
vit_15s0046g00290,477
vit_04s0008g06570,478
vit_18s0001g01250,479
vit_09s0070g01030,480
vit_03s0180g00130,481
vit_07s0031g00460,482
vit_03s0038g02130,483
vit_19s0090g00740,484
vit_08s0007g01930,485
vit_00s1314g00010,486
vit_14s0066g01340,487
vit_06s0009g00480,488
vit_05s0102g01200,489
vit_10s0003g00420,490
vit_04s0044g01790,491
vit_12s0035g00900,492
vit_13s0019g01280,493
vit_05s0049g00520,494
vit_16s0050g02390,495
vit_01s0011g06250,496
vit_11s0052g01600,497
vit_11s0065g00150,498
vit_12s0059g01650,499
vit_18s0076g00330,500
vit_05s0020g01040,501
vit_18s0089g00410,502
vit_04s0023g02230,503
vit_13s0019g02860,504
vit_00s0524g00030,505
vit_14s0060g02140,506
vit_01s0150g00350,507
vit_18s0164g00170<br>vit_18s0164g00110,508
vit_02s0025g01410,509
vit_07s0141g00580,510
vit_14s0006g02880,511
vit_08s0007g00920,512
vit_02s0033g00660<br>vit_02s0033g00850<br>vit_02s0033g00870<br>vit_02s0033g00800,513
vit_01s0011g01760,514
vit_11s0065g00560,515
vit_15s0048g03000,516
vit_15s0046g02660,517
vit_14s0060g01090,518
vit_17s0000g09980,519
vit_17s0000g00410,520
vit_17s0000g07030,521
vit_09s0054g00530,522
vit_01s0010g03720,523
vit_19s0015g01170,524
vit_00s0231g00070,525
vit_02s0154g00300,526
vit_13s0019g04440,527
vit_13s0101g00100,528
vit_17s0000g08140,529
vit_06s0004g06770,530
vit_17s0000g00320,531
vit_06s0004g07100,532
vit_11s0037g00890,533
vit_16s0098g01830,534
vit_07s0005g00830,535
vit_05s0049g00760,536
vit_08s0007g08000,537
vit_03s0063g01680,538
vit_19s0015g02420,539
vit_17s0000g09190,540
vit_14s0006g02990,541
vit_10s0092g00370,542
vit_03s0110g00300,543
vit_01s0010g02030,544
vit_12s0057g00590,545
vit_14s0066g00960,546
vit_15s0024g00850,547
vit_10s0042g01020,548
vit_16s0098g01870,549
vit_16s0098g01640,550
vit_05s0020g04150,551
vit_18s0041g00810<br>vit_18s0041g00910<br>vit_00s1602g00010<br>vit_18s0041g00920<br>vit_18s0041g00980<br>vit_18s0041g01000<br>vit_00s2707g00010<br>vit_18s0041g01080<br>vit_18s0041g00950<br>vit_18s0041g00830<br>vit_18s0041g01040,552
vit_10s0003g01710,553
vit_11s0016g05110,554
vit_07s0005g02480,555
vit_01s0026g02730,556
vit_10s0003g01770,557
vit_03s0063g02490,558
vit_05s0049g01200,559
vit_06s0004g04030,560
vit_06s0004g06840,561
vit_19s0015g00300,562
vit_11s0118g00110,563
vit_08s0058g01030,564
vit_06s0061g00220,565
vit_02s0025g01300,566
vit_09s0002g00320,567
vit_14s0066g01060,568
vit_11s0016g04160,569
vit_07s0129g00380,570
vit_18s0001g10850,571
vit_06s0004g03020,572
vit_05s0049g01400,573
vit_01s0011g02860,574
vit_15s0021g02710,575
vit_02s0012g01780,576
vit_18s0001g06010,577
vit_10s0071g00890,578
vit_01s0146g00320,579
vit_15s0021g01150,580
vit_14s0128g00160,581
vit_03s0063g00110,582
vit_03s0063g01730,583
vit_07s0095g00790,584
vit_14s0108g00890,585
vit_04s0023g02810,586
vit_02s0025g02970,587
vit_01s0011g02610,588
vit_04s0008g05880,589
vit_10s0092g00010,590
vit_15s0021g01510,591
vit_04s0023g01170,592
vit_05s0051g00900,593
vit_06s0080g00560,594
vit_11s0016g02920,595
vit_00s1627g00020,596
vit_17s0000g02230,597
vit_07s0031g03070,598
vit_08s0007g08040,599
vit_17s0000g00010,600
vit_17s0000g06180,601
vit_06s0004g06060,602
vit_01s0137g00410,603
vit_16s0022g00070,604
vit_07s0191g00120,605
vit_03s0038g01960,606
vit_04s0044g00440,607
vit_19s0015g02530,608
vit_06s0004g04110,609
vit_10s0003g01370,610
vit_15s0048g00740,611
vit_06s0004g02570,612
vit_01s0011g04650,613
vit_11s0016g02540,614
vit_07s0005g00990,615
vit_00s0253g00040,616
vit_12s0059g00110<br>vit_12s0059g00080<br>vit_12s0059g00100,617
vit_01s0026g02590,618
vit_12s0134g00170,619
vit_10s0003g02960,620
vit_12s0059g01870,621
vit_08s0007g08330,622
vit_12s0028g00380,623
vit_05s0029g00690,624
vit_01s0127g00680,625
vit_08s0007g03710,626
vit_12s0059g00640,627
vit_15s0046g02620,628
vit_00s1937g00010,629
vit_07s0005g00680,630
vit_05s0094g00750,631
vit_08s0007g07320,632
vit_19s0014g04470,633
vit_17s0000g06730,634
vit_02s0012g00660,635
vit_11s0016g03200,636
vit_12s0059g02310,637
vit_01s0010g03510,638
vit_05s0020g02290,639
vit_18s0089g01040,640
vit_05s0049g00300,641
vit_08s0040g01190,642
vit_02s0109g00420,643
vit_08s0040g01170,644
vit_04s0044g01110,645
vit_19s0015g01400,646
vit_16s0022g02350,647
vit_00s0259g00010,648
vit_18s0001g00770,649
vit_18s0001g01730,650
vit_02s0025g02820,651
vit_17s0000g00300,652
vit_07s0005g00390,653
vit_16s0050g00870,654
vit_01s0010g03800,655
vit_06s0004g01550,656
vit_04s0023g01080,657
vit_08s0007g02000,658.5
vit_13s0067g02390,658.5
vit_11s0016g05300,660
vit_03s0038g02400,661
vit_04s0044g01860,662
vit_19s0014g04880,663
vit_18s0001g10050,664
vit_18s0075g00530,665
vit_05s0049g00510,666
vit_05s0020g02810,667
vit_18s0001g10320,668
vit_14s0081g00110,669
vit_16s0050g02430,670
vit_00s0271g00110,671
vit_08s0040g01130,672
vit_09s0054g00580<br>vit_09s0054g00570,673
vit_12s0028g03900,674
vit_08s0040g01640,675
vit_08s0105g00270,676
vit_04s0008g00520,677
vit_02s0012g00580,678
vit_07s0005g01230,679
vit_08s0007g08840,680
vit_02s0012g00180,681
vit_12s0028g03450,682
vit_10s0071g00170,683
vit_08s0007g01390,684
vit_05s0029g01420,685
vit_05s0020g01820,686
vit_15s0021g02690,687
vit_02s0025g00070,688
vit_04s0210g00090<br>vit_04s0210g00080<br>vit_04s0210g00120,689
vit_18s0075g00610,690
vit_07s0005g04920,691
vit_04s0069g01120,692
vit_03s0038g01830,693
vit_14s0068g01300,694
vit_02s0033g00370,695
vit_18s0122g01400,696
vit_03s0038g03810,697
vit_18s0001g01320,698
vit_16s0050g02100,699
vit_05s0102g01210,700
vit_07s0031g01810,701
vit_18s0117g00550,702
vit_02s0033g00440,703
vit_02s0012g02820,704
vit_06s0004g07920,705
vit_15s0046g02300,706
vit_06s0061g00240,707
vit_13s0019g02650,708
vit_03s0038g01280,709
vit_13s0067g02060,710
vit_09s0018g01650,711
vit_00s0361g00040,712
vit_07s0031g00700,713
vit_08s0007g07990,714
vit_03s0091g00520,715
vit_14s0171g00390,716
vit_02s0025g03100,717
vit_06s0004g05730,718
vit_14s0066g00300,719
vit_11s0016g04540,720
vit_04s0023g01300,721
vit_15s0046g02380,722
vit_07s0031g01680,723
vit_05s0062g00570,724
vit_06s0004g02390,725
vit_00s1995g00010,726
vit_16s0039g02230,727
vit_04s0023g01590,728
vit_18s0001g10060,729
vit_01s0137g00170,730
vit_14s0108g01660,731
vit_08s0007g08010,732
vit_02s0087g00140,733
vit_06s0061g01300,734
vit_00s0333g00040,735
vit_17s0000g03940,736
vit_17s0000g02920,737
vit_00s0361g00090,738
vit_08s0007g03990,739
vit_04s0044g01260,740
vit_00s0639g00010,741
vit_00s1190g00010<br>vit_00s0936g00010,742
vit_15s0021g02510,743
vit_15s0048g01600,744
vit_17s0000g07530,745
vit_17s0000g01660,746
vit_08s0056g00260,747
vit_15s0107g00240,748
vit_00s0820g00020,749
vit_18s0041g00100,750
vit_13s0019g03490,751
vit_13s0064g01660,752
vit_08s0007g08280,753
vit_01s0127g00340,754
vit_01s0011g05110,755
vit_14s0068g02040,756
vit_01s0010g02230,757
vit_14s0081g00140,758
vit_18s0001g02790,759
vit_17s0000g07830,760
vit_14s0030g01650,761
vit_03s0063g00410,762
vit_13s0067g02810,763
vit_13s0067g01350,764
vit_04s0008g01120,765
vit_18s0041g00840,766
vit_17s0000g08460,767
vit_08s0007g05180,768
vit_09s0002g00790,769
vit_06s0009g02780,770
vit_15s0046g01600,771
vit_05s0020g01100,772
vit_06s0080g00050,773
vit_07s0031g02440,774
vit_13s0019g04520,775
vit_19s0090g01050,776
vit_14s0128g00210,777
vit_14s0068g00520,778
vit_14s0083g00850,779
vit_19s0015g00590,780
vit_05s0077g01450,781
vit_08s0007g02700,782
vit_04s0023g03370,783
vit_11s0037g01410,784
vit_11s0016g05910,785
vit_19s0027g00740,786
vit_05s0051g00980,787
vit_11s0016g05230,788
vit_05s0049g00010,789
vit_11s0206g00050<br>vit_11s0149g00410,790
vit_09s0054g00680,791
vit_01s0011g00790,792
vit_14s0066g01320,793
vit_18s0001g13080,794
vit_11s0016g03660,795
vit_09s0002g02630,796
vit_08s0007g08020,797
vit_10s0003g05420,798
vit_06s0004g06790,799
vit_09s0002g01010,800
vit_02s0025g04910,801
vit_00s0409g00020,802
vit_04s0008g01900,803
vit_18s0122g01440,804
vit_08s0007g08110,805
vit_19s0014g03380,806
vit_18s0001g10120,807
vit_04s0023g00600,808
vit_10s0071g00030,809
vit_00s0199g00240,810
vit_17s0000g07680,811
vit_00s0823g00020<br>vit_00s0670g00020,812
vit_12s0059g00140,813
vit_18s0001g07760,814
vit_05s0124g00100,815
vit_05s0124g00330,816
vit_07s0005g02220,817
vit_13s0064g01640,818
vit_01s0010g02530,819
vit_16s0098g00990,820
vit_04s0044g00190,821
vit_09s0054g00960,822
vit_04s0044g00010,823
vit_18s0075g00670,824
vit_01s0011g02250,825
vit_07s0031g01550,826
vit_12s0142g00550,827
vit_02s0025g03570,828
vit_18s0072g01040,829
vit_08s0007g08680,830
vit_10s0003g02120,831
vit_00s0245g00030,832
vit_03s0091g00260,833
vit_04s0008g01450,834
vit_14s0060g00410,835
vit_19s0014g00780,836
vit_01s0010g01870,837
vit_08s0032g00530,838
vit_05s0062g01140,839
vit_14s0006g00570,840
vit_00s0561g00010,841
vit_11s0016g02120,842
vit_06s0061g01050,843
vit_08s0007g07100,844
vit_00s0286g00040,845
vit_11s0016g05340,846.5
vit_08s0032g00760,846.5
vit_05s0029g00630,848
vit_01s0011g05140,849
vit_12s0034g00010,850
vit_13s0019g05140,851
vit_12s0034g02570,852
vit_01s0026g02110,853
vit_14s0068g00150,854
vit_12s0059g01820,855
vit_09s0002g00190,856
vit_16s0098g01740,857
vit_14s0006g00800,858
vit_07s0005g03170,859
vit_14s0060g01980,860
vit_01s0010g03880,861
vit_12s0134g00090,862
vit_05s0049g00840<br>vit_05s0049g00780<br>vit_05s0049g00800,863
vit_13s0019g04970,864
vit_16s0039g01940,865
vit_18s0075g00360,866
vit_04s0008g02920,867
vit_15s0048g01590,868
vit_18s0001g10440,869
vit_18s0001g06150,870
vit_08s0007g03470,871
vit_03s0091g00690,872
vit_17s0000g03910,873
vit_07s0104g00840,874
vit_18s0117g00600,875
vit_02s0109g00390,876
vit_12s0059g01210,877
vit_09s0002g02690,878
vit_18s0001g07410,879
vit_00s0670g00010,880
vit_01s0010g03850,881
vit_13s0019g05270,882
vit_04s0008g05520,883
vit_08s0040g00970,884
vit_05s0062g00920,885
vit_00s0264g00060,886
vit_03s0110g00100,887
vit_00s0299g00080,888
vit_12s0059g02290,889
vit_11s0016g02850,890
vit_01s0010g03600,891
vit_17s0000g00940,892
vit_01s0150g00510,893
vit_00s2776g00010,894
vit_14s0036g00460,895
vit_18s0001g12900,896
vit_14s0060g02330,897
vit_18s0001g01750,898
vit_16s0098g00290,899
vit_18s0001g14080,900
vit_02s0025g04310,901
vit_08s0007g00330,902
vit_08s0040g03400,903
vit_13s0019g03510,904
vit_01s0150g00550,905
vit_12s0028g03150,906
vit_02s0033g01030,907
vit_01s0010g00240,908
vit_03s0038g04730,909
vit_09s0002g05000,910
vit_14s0060g00900,911
vit_01s0244g00010,912
vit_13s0019g03980,913
vit_03s0091g00960,914
vit_18s0075g00960,915
vit_16s0100g00880,916
vit_04s0023g02920,917
vit_04s0008g01340,918
vit_18s0001g08590,919
vit_11s0118g00200,920
vit_19s0014g01470,921
vit_01s0137g00820,922
vit_06s0004g06900,923
vit_18s0001g06810,924
vit_18s0001g12410<br>vit_15s0046g00840,925
vit_16s0013g00510,926
vit_00s2839g00010,927
vit_02s0087g00090,928
vit_01s0137g00780,929
vit_16s0022g01710,930
vit_16s0098g01390,931
vit_06s0004g08360,932
vit_04s0008g06300,933
vit_14s0030g01670,934
vit_13s0156g00190,935
vit_00s0199g00220,936
vit_18s0001g10870,937
vit_09s0002g05730,938
vit_02s0025g02900,939
vit_14s0068g02010,940
vit_01s0010g03470,941
vit_18s0001g11160,942
vit_18s0001g08280,943
vit_00s0456g00040<br>vit_00s0374g00030,944
vit_06s0004g06580,945
vit_18s0001g10830,946
vit_07s0095g00660,947
vit_18s0001g02680,948
vit_18s0001g10360,949
vit_14s0068g01540,950
vit_08s0007g01500,951
vit_02s0087g00780,952
vit_18s0041g00710,953
vit_07s0129g00270,954
vit_07s0197g00250,955
vit_02s0025g04730,956
vit_18s0041g01800,957
vit_03s0180g00320,958
vit_14s0066g00700,959
vit_15s0046g00600,960
vit_15s0046g03190,961
vit_05s0020g01760,962
vit_00s0978g00020,963
vit_01s0011g03670,964
vit_18s0001g11100,965
vit_17s0000g05000,966
vit_03s0038g03230,967
vit_01s0137g00300,968
vit_04s0023g02840,969
vit_09s0002g04580,970
vit_08s0007g02920,971
vit_12s0034g00940,972
vit_15s0048g01870,973
vit_17s0000g05660,974
vit_17s0000g05400,975
vit_10s0042g01010,976
vit_13s0067g03070,977
vit_17s0000g02440,978
vit_09s0002g03620,979
vit_14s0030g00960,980
vit_08s0007g07240,981
vit_18s0122g00850,982
vit_03s0063g00260,983
vit_01s0026g02120,984
vit_02s0012g00400,985
vit_13s0019g03990,986
vit_08s0032g00790,987
vit_14s0083g01030,988
vit_18s0001g11560,989
vit_06s0004g05790,990
vit_00s2037g00010,991
vit_06s0004g06960,992
vit_19s0014g01900,993
vit_07s0005g06610,994.5
vit_08s0007g05160,994.5
vit_12s0134g00140,996
vit_09s0002g02980,997
vit_03s0038g03150<br>vit_03s0038g03170,998
vit_13s0019g02990<br>vit_13s0019g02890<br>vit_13s0019g02910,999
vit_01s0011g00100,1000
vit_00s0226g00100,1001
vit_16s0039g02550,1002
vit_14s0068g00510,1003
vit_17s0000g06130,1004
vit_13s0067g02870,1005
vit_02s0025g01470,1006
vit_01s0010g02670,1007
vit_04s0008g00860,1008
vit_07s0005g06620,1009
vit_13s0019g02700,1010
vit_12s0057g01230,1011
vit_17s0053g00990,1012
vit_06s0004g06730,1013
vit_00s0253g00140,1014
vit_18s0001g00280,1015
vit_18s0001g01640,1016
vit_05s0020g02740,1017
vit_18s0041g00270,1018
vit_02s0025g00570,1019
vit_00s0125g00180,1020
vit_07s0005g00250,1021
vit_11s0037g00450,1022
vit_06s0009g01540,1023
vit_09s0002g06520,1024
vit_05s0049g01770,1025
vit_15s0048g01420,1026
vit_14s0030g00670,1027
vit_14s0030g02150,1028
vit_11s0037g00870,1029
vit_15s0046g01350,1030
vit_11s0103g00570,1031
vit_16s0022g00460,1032
vit_05s0020g01110,1033
vit_14s0108g00750,1034
vit_01s0146g00190,1035
vit_19s0027g00180,1036
vit_08s0007g03370,1037
vit_07s0031g01450,1038
vit_02s0025g03220,1039
vit_08s0058g01480,1040
vit_15s0048g02080,1041
vit_18s0001g02470,1042
vit_15s0046g02400,1043
vit_00s0211g00030,1044
vit_12s0035g01800,1045
vit_13s0019g03380,1046
vit_09s0002g00330,1047
vit_00s0216g00020,1048
vit_18s0001g06390,1049
vit_14s0081g00030,1050
vit_12s0142g00130,1051
vit_05s0049g00550,1052
vit_04s0008g01950,1053
vit_10s0003g01830,1054
vit_03s0038g00110,1055
vit_07s0031g00750,1056
vit_15s0024g01750,1057
vit_11s0016g00290,1058
vit_05s0077g01670,1059
vit_13s0067g03470,1060
vit_01s0010g00560,1061
vit_18s0157g00140,1062
vit_04s0008g04230,1063
vit_03s0038g02890,1064
vit_17s0000g02650,1065
vit_07s0005g00450,1066
vit_03s0017g01070,1067
vit_09s0054g01510,1068
vit_09s0018g01370,1069
vit_11s0016g03880,1070
vit_07s0005g06210,1071
vit_17s0000g05890,1072
vit_05s0020g01240,1073
vit_05s0020g03290,1074
vit_02s0025g04890,1075
vit_01s0010g00710,1076
vit_14s0128g00510<br>vit_14s0128g00550,1077
vit_17s0000g01950,1078
vit_16s0039g01910,1079
vit_15s0107g00380,1080.5
vit_18s0001g11090,1080.5
vit_06s0004g07220,1082
vit_01s0011g00080,1083
vit_00s0399g00020,1084.5
vit_11s0016g01320,1084.5
vit_11s0016g01290,1086
vit_11s0016g03250,1087
vit_11s0016g01310,1088
vit_18s0001g01760,1089
vit_12s0057g01440,1090
vit_19s0090g00750,1091
vit_00s0225g00070,1092.5
vit_02s0012g01660,1092.5
vit_05s0020g03420,1094
vit_11s0016g01480,1096
vit_05s0020g04850,1096
vit_03s0063g00370,1096
vit_19s0014g04930,1098
vit_08s0007g06760,1099
vit_13s0084g00800,1100.5
vit_03s0063g01870,1100.5
vit_18s0164g00080,1102
vit_00s0194g00210<br>vit_00s0194g00250,1103
vit_17s0000g10060,1104
vit_09s0002g03760,1105
vit_13s0156g00630,1106
vit_02s0012g02030,1107
vit_15s0021g02110,1108
vit_18s0041g01180,1109.5
vit_18s0001g06340,1109.5
vit_19s0090g01440,1111
vit_13s0067g03890,1112.5
vit_07s0141g00030,1112.5
vit_01s0127g00860,1114
vit_06s0004g04550,1115
vit_00s1543g00010<br>vit_00s0194g00160,1116
vit_14s0068g02230,1117
vit_07s0005g01710,1118
vit_19s0014g01360,1120
vit_17s0000g05020,1120
vit_01s0011g02310,1120
vit_06s0004g08150,1122
vit_05s0062g00520,1123
vit_04s0008g02250,1125
vit_11s0103g00200,1125
vit_07s0031g01560,1125
vit_17s0000g05640,1128
vit_02s0012g02190,1128
vit_06s0080g00590,1128
vit_12s0059g00490,1130
vit_07s0255g00060,1131
vit_19s0085g00010,1132.5
vit_04s0023g02050,1132.5
vit_04s0023g03650,1134
vit_19s0015g00760,1138
vit_13s0019g04530,1138
vit_11s0016g04920,1138
vit_16s0100g00250,1138
vit_06s0009g01140,1138
vit_18s0001g00220,1138
vit_12s0057g01210,1138
vit_18s0164g00100,1142
vit_06s0004g01470,1144.5
vit_00s0373g00020,1144.5
vit_07s0104g00210,1144.5
vit_19s0015g00960,1144.5
