"key","rank"
"vit_12s0055g01030",1
"vit_06s0080g00840",2
"vit_14s0068g00160",3
"vit_12s0055g01070",4
"vit_12s0055g00990",5
"vit_15s0045g01500",6
"vit_05s0051g00400",7
"vit_02s0025g00870",8
"vit_00s0264g00090",9
"vit_18s0001g09250",10
"vit_18s0001g01010",11
"vit_14s0081g00050",12
"vit_16s0100g00960",13
"vit_01s0010g01970<br>vit_01s0010g01980",14
"vit_19s0090g00510",15
"vit_05s0049g01010",16
"vit_07s0005g01520",17
"vit_11s0037g00810",18
"vit_13s0106g00320",19
"vit_09s0018g02030",20
"vit_16s0039g01450",21
"vit_17s0000g07770",22
"vit_00s0824g00020",23
"vit_12s0059g02580",24
"vit_08s0007g05220",25
"vit_14s0171g00050",26
"vit_01s0011g02780",27
"vit_03s0017g02120",28
"vit_13s0019g02080",29
"vit_16s0100g01040",30
"vit_06s0080g00910",31
"vit_05s0062g00460",32
"vit_18s0089g01150",33
"vit_13s0067g00990",34
"vit_04s0008g00460",35
"vit_19s0014g04080",36
"vit_02s0012g03100",37
"vit_12s0134g00650",38
"vit_10s0003g04320",39
"vit_14s0036g00460",40
"vit_05s0077g01390",41
"vit_11s0016g01070",42
"vit_03s0063g01350",43
"vit_05s0049g00010",44
"vit_02s0025g02610",45
"vit_15s0046g00650",46
"vit_07s0104g01640",47
"vit_19s0014g03930",48
"vit_02s0012g01390",49
"vit_08s0040g01220",50
"vit_08s0105g00200",51
"vit_10s0092g00480",52
"vit_16s0022g02240",53
"vit_10s0116g00780",54
"vit_16s0100g01150",55
"vit_00s0748g00020",56
"vit_07s0031g00460",57
"vit_01s0011g04220",58
"vit_14s0083g00700",59
"vit_06s0004g06480",60
"vit_16s0100g01110",61
"vit_01s0127g00680",62
"vit_00s0480g00020",63
"vit_05s0094g01530",64
"vit_12s0059g00110<br>vit_12s0059g00080<br>vit_12s0059g00100",65
"vit_05s0102g00610",66
"vit_10s0003g04090",67
"vit_14s0068g01780",68
"vit_16s0013g00060<br>vit_16s0013g00010",69
"vit_15s0021g02290",70
"vit_08s0007g02550",71
"vit_18s0001g08650",72
"vit_18s0072g00260",73
"vit_10s0042g00840",74
"vit_08s0007g01930",75
"vit_07s0141g00060",76
"vit_06s0061g00790",77
"vit_07s0151g00260",78
"vit_12s0134g00660",79
"vit_02s0025g00550",80
"vit_15s0048g00640",81
"vit_16s0100g00690",82
"vit_05s0077g02270",83
"vit_03s0180g00150",84
"vit_14s0108g00160",85
"vit_13s0156g00170",86
"vit_04s0079g00700",87
"vit_04s0008g00950",88
"vit_15s0046g00930",89
"vit_01s0011g03090",90
"vit_02s0236g00120",91
"vit_09s0002g04180",92
"vit_09s0002g01540",93
"vit_17s0000g05950",94
"vit_00s0743g00020",95
"vit_06s0004g07820",96
"vit_14s0083g00930",97
"vit_07s0031g01270",98
"vit_19s0014g01020",99
"vit_03s0110g00080",100
"vit_04s0008g02980",101
"vit_10s0003g01620",102
"vit_05s0077g01530",103
"vit_14s0108g01050",104
"vit_18s0001g11390",105
"vit_15s0021g01260",106
"vit_01s0150g00410",107
"vit_18s0001g00650",108
"vit_15s0046g02170",109
"vit_17s0000g04970",110
"vit_00s2604g00010",111
"vit_18s0001g03860",112
"vit_00s0455g00050",113
"vit_05s0077g01570",114
"vit_02s0236g00030",115
"vit_04s0008g06300",116
"vit_05s0029g00350",117
"vit_09s0002g06450",118
"vit_01s0010g03690",119
"vit_16s0039g01240<br>vit_16s0039g01360<br>vit_16s0039g01130<br>vitisv_009233<br>vit_16s0039g01100<br>vit_00s2508g00010<br>vitisv_032212<br>vit_16s0039g01120<br>vit_16s0039g01320<br>vit_00s2849g00010<br>vit_16s0039g01300<br>vit_16s0039g01170<br>vit_16s0039g01280",120
"vit_00s0532g00060",121
"vit_04s0044g01150",122
"vit_00s0246g00200",123
"vit_08s0007g00540",124
"vit_09s0002g02430",125
"vit_04s0044g00400",126
"vit_12s0059g02120",127
"vit_13s0106g00260",128
"vit_09s0002g06130",129
"vit_18s0041g02040",130
"vit_10s0003g02320<br>vit_10s0003g02300<br>vit_10s0003g02390<br>vit_10s0003g02350<br>vit_10s0003g02340<br>vit_10s0003g02400",131
"vit_03s0038g04410",132
"vit_16s0039g01110",133
"vit_05s0049g00810",134
"vit_11s0052g01110",135
"vit_09s0002g01650",136
"vit_16s0013g00050",137
"vit_10s0003g05430",138
"vit_03s0038g04290",139
"vit_07s0005g03220",140
"vit_12s0059g00050",141
"vit_10s0003g05550<br>vit_10s0003g05620",142
"vit_16s0098g00030",143
"vit_00s0547g00010",144
"vit_05s0077g01090",145
"vit_00s0432g00010",146
"vit_07s0141g00070",147
"vit_04s0008g02400",148
"vit_01s0011g04780",149
"vit_14s0081g00190",150
"vit_10s0042g00450",151
"vit_03s0017g00010",152
"vit_06s0004g01660",153
"vit_16s0050g00430",154
"vit_18s0001g00400",155
"vit_19s0015g01300",156
"vit_18s0072g00100",157
"vit_09s0018g01910",158
"vit_01s0011g00110",159
"vit_18s0076g00340",160
"vit_07s0005g03530",161
"vit_00s0533g00050",162
"vit_07s0151g00210",163
"vit_05s0165g00010",164
"vit_02s0025g04440",165
"vit_17s0000g04180",166
"vit_19s0177g00210",167
"vit_13s0067g02500",168
"vit_03s0097g00130",169
"vit_18s0001g05570",170
"vit_15s0046g00600",171
"vit_08s0040g03100",172
"vit_04s0008g01040",173
"vit_18s0001g01360",174
"vit_01s0146g00480",175
"vit_14s0171g00490",176
"vit_16s0050g01820",177
"vit_00s0218g00090",178
"vit_19s0090g01090",179
"vit_19s0015g02090",180
"vit_12s0034g01140",181
"vit_16s0039g02850",182
"vit_03s0063g01830",183
"vit_03s0017g01240",184
"vit_17s0000g08530",185
"vit_05s0077g01550",186
"vit_17s0000g02640",187
"vit_14s0060g00270",188
"vit_10s0003g01350",189
"vit_14s0068g01340",190
"vit_19s0014g02830",191
"vit_11s0016g03770",192
"vit_07s0005g03260",193
"vit_01s0146g00180",194
"vit_14s0066g01700",195
"vit_03s0038g00520",196
"vit_18s0001g01600",197
"vit_17s0000g08210",198
"vit_18s0001g03790",199
"vit_14s0083g00150",200
"vit_13s0067g03260",201
"vit_17s0000g06920",202
"vit_13s0064g01480",203
"vit_07s0031g00570",204
"vit_09s0002g06470",205
"vit_10s0003g02910",206
"vit_16s0100g00620",207
"vit_19s0014g04790",208
"vit_00s0840g00010<br>vit_00s1437g00010",209
"vit_03s0038g03210",210
"vit_05s0102g00910",211
"vit_12s0134g00620",212
"vit_05s0077g01410",213
"vit_07s0031g02270",214
"vit_11s0016g00790",215
"vit_01s0011g04920",216
"vit_02s0012g00400",217
"vit_08s0040g02160",218
"vit_00s0361g00020",219
"vit_18s0117g00080",220
"vit_18s0075g00480",221
"vit_07s0130g00460",222
"vit_00s0353g00050",223
"vit_02s0012g01320",224
"vit_16s0050g01290",225
"vit_04s0023g00630",226
"vit_03s0063g01780",227
"vit_00s0294g00100",228
"vit_07s0005g00720",229
"vit_06s0004g01990",230
"vit_06s0004g08290",231
"vit_13s0019g03210",232
"vit_03s0110g00030",233
"vit_11s0016g05550",234
"vit_07s0005g02030",235
"vit_17s0000g03260",236
"vit_00s0397g00020",237
"vit_17s0000g01330",238
"vit_14s0128g00670",239
"vit_10s0042g00910",240
"vit_04s0023g03150",241
"vit_19s0014g00830",242
"vit_08s0007g05130",243
"vit_00s2776g00010",244
"vit_09s0054g01390",245
"vit_04s0008g02960",246
"vit_02s0109g00430",247
"vit_18s0001g08540",248
"vit_10s0003g03620",249
"vit_00s0347g00120",250
"vit_08s0007g01470",251
"vit_18s0072g00140",252
"vit_07s0141g01030<br>vit_00s0378g00010<br>vit_00s0222g00080<br>vit_00s0276g00050",253
"vit_05s0077g00550",254
"vit_11s0016g02070",255
"vit_17s0000g06790",256
"vit_15s0046g02840",257
"vit_04s0008g00650",258
"vit_19s0014g04450",259
"vit_11s0052g01520",260
"vit_08s0040g02320",261
"vit_02s0234g00130",262
"vit_08s0007g06970",263
"vit_18s0001g07270",264
"vit_03s0091g00690",265
"vit_09s0054g01220",266
"vit_17s0000g07370",267
"vit_17s0000g01290",268
"vit_06s0004g02010",269
"vit_10s0042g00850",270
"vit_11s0118g00550",271
"vit_07s0095g00140",272
"vit_13s0067g03700",273
"vit_18s0001g12870",274
"vit_01s0150g00500",275
"vit_04s0023g01600",276
"vit_16s0022g00370",277
"vit_14s0006g02600",278
"vit_00s0181g00210",279
"vit_08s0056g00050",280
"vit_13s0019g05270",281
"vit_03s0091g00670",282
"vit_08s0007g04820",283
"vit_06s0004g01610",284
"vit_04s0008g05520",285
"vit_18s0001g15130",286
"vit_01s0011g03830",287
"vit_07s0031g00550",288
"vit_00s0299g00070",289
"vit_01s0011g02660",290
"vit_07s0031g03060",291
"vit_04s0008g07120",292
"vit_04s0044g01240",293
"vit_11s0052g01550",294
"vit_16s0022g00070",295
"vit_17s0000g07670",296
"vit_00s0207g00100",297
"vit_01s0011g05620",298
"vit_18s0001g00970",299
"vit_02s0236g00100",300
"vit_08s0040g01930",301
"vit_10s0042g01360",302
"vit_08s0007g04330",303
"vit_13s0064g00890",304
"vit_06s0009g00760",305
"vit_10s0003g01960",306
"vit_02s0012g00390",307
"vit_06s0004g04950",308
"vit_00s0927g00010",309
"vit_05s0094g00360",310
"vit_19s0027g00160",311
"vit_16s0022g00620",312
"vit_18s0001g14040",313
"vit_06s0080g00600",314
"vit_12s0142g00140",315
"vit_15s0046g00480",316
"vit_03s0038g04500",317
"vit_04s0008g04710",318
"vit_18s0001g01830",319
"vit_00s0250g00090",320
"vit_16s0022g01860",321
"vit_18s0001g10400",322
"vit_02s0025g00500",323
"vit_01s0137g00050",324
"vit_11s0037g00990",325
"vit_17s0000g09470",326
"vit_12s0134g00230",327
"vit_12s0028g01430",328
"vit_19s0014g02340",329
"vit_00s0187g00160",330
"vit_06s0004g06820",331
"vit_00s0463g00020",332
"vit_06s0004g04930",333
"vit_13s0067g00370",334
"vit_09s0002g08420",335
"vit_08s0007g01900",336
"vit_04s0008g03440",337
"vit_13s0019g04060",338
"vit_11s0052g00530",339
"vit_16s0039g00380",340
"vit_13s0084g00130",341
"vit_09s0002g00890",342
"vit_00s0181g00170",343
"vit_06s0009g01550",344
"vit_02s0025g02850",345
"vit_19s0015g01780",346
"vit_14s0060g02020",347
"vit_01s0011g00400",348
"vit_01s0026g01340",349
"vit_01s0010g03120",350
"vit_14s0068g02180",351
"vit_14s0036g00930",352
"vit_00s0270g00120",353
"vit_10s0116g00860",354
"vit_13s0067g00740",355
"vit_18s0075g00950",356
"vit_15s0048g01410",357
"vit_18s0075g00530",358
"vit_04s0008g03160",359
"vit_12s0059g01980",360
"vit_15s0046g01760",361
"vit_10s0003g00150",362
"vit_18s0089g00390",363
"vit_07s0031g02610",364
"vit_07s0031g01660",365
"vit_19s0027g01630",366
"vit_08s0032g00910",367
"vit_16s0013g02190",368
"vit_11s0037g00160",369
"vit_00s0160g00340",370
"vit_15s0021g00930",371
"vit_13s0064g01490",372
"vit_06s0004g03960",373
"vit_01s0011g03850",374
"vit_16s0050g01230",375
"vit_04s0044g01880",376
"vit_16s0098g01060",377
"vit_14s0068g00330",378
"vit_00s0194g00110",379
"vit_01s0137g00480",380
"vit_16s0098g01260",381
"vit_14s0068g00140",382
"vit_01s0127g00250",383
"vit_12s0028g04000",384
"vit_03s0038g00430",385
"vit_13s0320g00030",386
"vit_11s0016g05450",387
"vit_06s0009g01880",388
"vit_05s0020g00560<br>vit_05s0020g00030",389
"vit_17s0000g00710",390
"vit_16s0022g02280",391
"vit_02s0025g04520",392
"vit_15s0045g00170<br>vit_14s0108g00720",393
"vit_13s0064g00940",394
"vit_01s0127g00210",395
"vit_02s0025g03530",396
"vit_09s0054g01080",397
"vit_17s0000g04380",398
"vit_11s0065g01100",399
"vit_06s0061g00960",400
"vit_15s0046g02080",401
"vit_10s0003g00070",402
"vit_09s0002g02170",403
"vit_18s0001g07230",404
"vit_08s0007g02980",405
"vit_00s0174g00090<br>vit_00s0269g00040",406
"vit_14s0081g00210",407
"vit_07s0130g00040",408
"vit_18s0001g00410",409
"vit_11s0052g01490",410
"vit_01s0026g01770",411
"vit_14s0066g01670",412
"vit_05s0020g04610",413
"vit_00s0620g00010",414
"vit_05s0062g01150",415
"vit_11s0016g03070",416
"vit_16s0022g01810",417
"vit_12s0028g02890",418
"vit_19s0027g01550",419
"vit_08s0007g00510",420
"vit_00s0262g00090",421
"vit_18s0001g05400",422
"vit_13s0084g00060",423
"vit_18s0001g10480",424
"vit_04s0044g01230",425
"vit_07s0005g06000",426
"vit_06s0009g02430",427
"vit_09s0002g02700",428
"vit_08s0040g03040",429
"vit_09s0054g00590",430
"vit_00s0640g00020",431
"vit_06s0061g00470",432
"vit_05s0020g03290",433
"vit_14s0006g01390",434
"vit_16s0098g01870",435
"vit_07s0005g04380",436
"vit_07s0141g00120",437
"vit_18s0001g05230",438
"vit_14s0060g00160",439
"vit_13s0074g00770",440
"vit_13s0067g00810",441
"vit_13s0019g04890",442
"vit_05s0049g00100",443
"vit_12s0059g02600",444
"vit_00s0229g00200",445
"vit_18s0001g00640",446
"vit_18s0089g00350",447
"vit_06s0004g04010",448
"vit_05s0062g01000",449
"vit_01s0011g03790",450
"vit_07s0005g03250",451
"vit_12s0055g01270",452
"vit_03s0167g00050",453
"vit_15s0021g01080",454
"vit_14s0128g00490",455
"vit_12s0028g04030",456
"vit_11s0016g03820",457
"vit_01s0011g00840",458
"vit_10s0003g03400",459
"vit_05s0102g00380",460
"vit_10s0092g00370",461
"vit_04s0008g01840",462
"vit_11s0065g00370",463
"vit_06s0009g00370",464
"vit_00s0301g00080",465
"vit_19s0027g01580",466
"vit_18s0001g15650",467
"vit_11s0016g05530",468
"vit_16s0100g01000",469
"vit_05s0020g01670",470
"vit_18s0001g08380",471
"vit_18s0001g09100",472
"vit_05s0020g04420",473
"vit_04s0008g05960",474
"vit_01s0026g02080",475
"vit_14s0030g00340",476
"vit_07s0005g03050",477
"vit_01s0026g00630",478
"vit_07s0141g00310",479
"vit_02s0025g04880",480
"vit_06s0061g01400",481
"vit_07s0005g05780",482
"vit_16s0039g02790",483
"vit_13s0067g03140",484
"vit_11s0016g04990",485
"vit_14s0060g01160",486
"vit_14s0030g01540",487
"vit_12s0055g01010",488
"vit_15s0046g00950",489
"vit_00s0229g00130",490
"vit_00s2226g00010",491
"vit_00s0220g00060",492
"vit_11s0052g01150",493
"vit_18s0075g00810",494
"vit_03s0038g04660",495
"vit_14s0171g00270",496
"vit_08s0007g03040",497
"vit_14s0066g01650",498
"vit_01s0011g01130",499
"vit_08s0007g06780",500
"vit_14s0083g01050",501
"vit_16s0050g01830",502
"vit_02s0025g00420",503
"vit_15s0021g01510",504
"vit_00s0131g00030",505
"vit_00s0215g00110",506
"vit_06s0009g03470",507
"vit_18s0122g01030",508
"vit_14s0060g02220",509
"vit_12s0034g01350",510
"vit_07s0151g00410",511
"vit_16s0050g02150",512
"vit_11s0016g01850",513
"vit_12s0059g00510",514
"vit_07s0005g06310",515
"vit_13s0019g02010",516
"vit_14s0036g00330",517
"vit_09s0002g04930<br>vit_09s0002g05010",518
"vit_13s0067g03080",519
"vit_00s0207g00130",520
"vit_01s0011g05130",521
"vit_01s0146g00340",522
"vit_17s0000g05800",523
"vit_18s0001g06360",524
"vit_14s0030g00480",525
"vit_14s0006g01450",526
"vit_00s0153g00050",527
"vit_03s0091g00640",528
"vit_04s0008g03110",529
"vit_07s0129g01030",530
"vit_00s1278g00010",531
"vit_18s0001g01510",532
"vit_13s0067g01800",533
"vit_13s0067g01540",534
"vit_16s0100g00600",535
"vit_00s0652g00030",536
"vit_11s0118g00210",537
"vit_01s0010g01950",538
"vit_03s0038g03400",539
"vit_16s0100g01140",540
"vit_18s0122g01320",541
"vit_14s0108g01280",542
"vit_19s0014g00020",543
"vit_16s0100g01100",544
"vit_11s0016g05540",545
"vit_11s0052g00370",546
"vit_18s0001g07490",547
"vit_17s0000g00640",548
"vit_19s0085g00460",549
"vit_16s0100g00830<br>vit_16s0100g01120<br>vit_16s0100g00780<br>vit_16s0100g00910",550
"vit_09s0002g05530",551
"vit_02s0025g04650",552
"vit_08s0007g02880",553
"vit_15s0046g03230",554
"vit_18s0001g14420",555
"vit_02s0012g00170",556
"vit_03s0063g01010",557
"vit_07s0005g03140",558
"vit_03s0088g00750",559
"vit_19s0014g00840",560
"vit_03s0063g02650",561
"vit_14s0066g00050",562
"vit_00s0226g00030",563
"vit_05s0020g04090",564
"vit_18s0122g00710",565
"vit_08s0007g00980",566
"vit_15s0048g02750",567
"vit_14s0068g01460",568
"vit_17s0000g04230",569
"vit_16s0098g00240",570
"vit_11s0016g01520<br>vitisv_015848<br>vit_11s0016g01640",571
"vit_07s0031g02200",572
"vit_04s0023g00290",573
"vit_08s0007g08340",574
"vit_14s0030g00040",575
"vit_14s0108g00970",576
"vit_03s0038g04540",577
"vit_00s0762g00010",578
"vit_19s0093g00320",579
"vit_14s0068g01070",580
"vit_05s0165g00090",581
"vit_06s0061g00890",582
"vit_01s0150g00300",583
"vit_00s0179g00250",584
"vit_18s0001g04240",585
"vit_17s0000g05170",586
"vit_13s0067g01410",587
"vit_01s0010g01960",588.5
"vit_15s0048g01390",588.5
"vit_18s0001g11180",590
"vit_14s0006g02700",591
"vit_12s0028g00610",592
"vit_09s0002g06440",593
"vit_10s0003g04820",594
"vit_05s0020g03690<br>vit_05s0020g03710",595
"vit_04s0008g01220",596
"vit_15s0046g00370",597
"vit_08s0058g00470",598
"vit_06s0004g07250",599
"vit_14s0083g00920",600
"vit_01s0011g02320",601
"vit_16s0039g02710",602
"vit_08s0007g01970",603
"vit_03s0063g02320",604
"vit_08s0040g01650",605
"vit_06s0004g05790",606
"vit_09s0002g00130",607
"vit_06s0004g08250",608
"vit_07s0129g01010",609
"vit_18s0001g08610",610
"vit_17s0000g08100",611
"vit_16s0100g00700",612
"vit_07s0005g00410",613
"vit_12s0057g01100",614
"vit_15s0048g02220",615
"vit_06s0004g02060",616
"vit_19s0090g01410",617
"vit_11s0037g00030",618
"vit_07s0104g01820",619
"vit_02s0033g01050",620
"vit_02s0025g05030",621
"vit_06s0080g00090",622
"vit_12s0055g00630",623
"vit_16s0100g00750",624
"vit_01s0010g03960",625
"vit_02s0033g00020",626
"vit_10s0116g00710",627
"vit_16s0013g00090",628
"vit_13s0156g00260",629
"vit_17s0000g04480",630
"vit_19s0085g00050",631
"vit_17s0000g05360",632
"vit_00s0347g00050",633
"vit_13s0019g04610",634
"vit_00s0409g00010",635
"vit_17s0000g03400",636
"vit_14s0128g00650",637
"vit_00s0441g00020<br>vit_00s0525g00020",638
"vit_05s0094g00160",639
"vit_00s0324g00010",640
"vit_16s0050g00140",641
"vit_07s0104g01100",642
"vit_08s0058g00150",643
"vit_10s0116g01360<br>vit_10s0116g01290<br>vit_10s0116g01330<br>vit_10s0116g01270",644
"vit_04s0043g00850",645
"vit_14s0066g00830",646
"vit_18s0001g06120<br>vit_18s0001g06090",647
"vit_03s0038g00700",648
"vit_14s0068g00440",649
"vit_18s0041g00450",650
"vit_11s0016g04620",651
"vit_05s0062g00020",652
"vit_07s0031g01370",653
"vit_03s0017g01940",654
"vit_01s0011g00380",655
"vit_19s0090g01400",656
"vit_18s0001g14630",657
"vit_05s0020g04920",658
"vit_01s0182g00140",659
"vit_06s0061g00720",660
"vit_01s0010g02010",661
"vit_01s0010g01920",662
"vit_03s0063g01820",663
"vit_11s0149g00280",664
"vit_06s0004g06840",665
"vit_03s0063g00990",666
"vit_12s0028g02360",667
"vit_11s0037g00280",668
"vit_00s0880g00010",669
"vit_12s0059g02620",670
"vit_18s0001g06850",671
"vit_14s0108g01090",672
"vit_07s0130g00370",673
"vit_16s0050g01510",674
"vit_10s0003g03170",675
"vit_02s0025g03720",676
"vit_18s0001g01620",677
"vit_19s0014g01950",678
"vit_18s0001g06890",679
"vit_14s0066g00350",680
"vit_14s0030g00960",681
"vit_04s0008g00870",682
"vit_01s0011g06450",683
"vit_02s0236g00060",684
"vit_18s0001g07690",685
"vit_16s0013g01590",686
"vit_04s0023g02410",687
"vit_08s0007g05350",688
"vit_10s0116g00190",689
"vit_10s0003g05580",690
"vit_19s0014g02790",691
"vit_04s0008g02520",692
"vit_11s0037g01110",693
"vit_03s0088g01140",694
"vit_02s0012g01630",695
"vit_00s0179g00280",696
"vit_14s0066g01420",697
"vit_04s0069g01000",698
"vit_08s0007g01560",699
"vit_08s0007g06620",700
"vit_11s0037g00260",701
"vit_03s0038g04320",702
"vit_10s0042g00930<br>vit_10s0042g00890<br>vit_10s0042g00870<br>vit_10s0042g00860<br>vit_10s0042g00920",703
"vit_07s0129g00580",704
"vit_09s0002g05610",705
"vit_00s0204g00030",706
"vit_13s0019g05340",707
"vit_16s0098g00660",708
"vit_14s0068g00260",709
"vit_02s0087g00130",710
"vit_02s0025g01980<br>vit_02s0025g01910",711
"vit_00s0480g00040",712
"vit_17s0000g05380",713
"vit_07s0005g02660",714
"vit_00s1212g00020",715
"vit_10s0003g05780",716
"vit_12s0035g00410",717
"vit_19s0093g00370",718
"vit_12s0059g00060<br>vit_12s0059g00130<br>vit_12s0059g00090",719
"vit_19s0140g00140",720
"vit_07s0141g00480",721
"vit_16s0022g02000",722
"vit_12s0059g02110",723
"vit_11s0078g00380",724
"vit_14s0068g01850",725
"vit_04s0023g01070",726
"vit_10s0003g02000",727
"vit_17s0000g06690",728
"vit_01s0026g02310",729
"vit_13s0101g00070",730
"vit_10s0116g01200",731
"vit_11s0052g01780",732
"vit_16s0100g00460",733
"vit_03s0038g01770",734
"vit_05s0020g01340",735
"vit_07s0031g02880",736
"vit_13s0019g02240",737
"vit_04s0008g04110",738
"vit_11s0016g00570",739
"vit_05s0049g01400",740
"vit_16s0098g01140",741
"vit_03s0091g00410",742
"vit_13s0064g01330",743
"vit_01s0011g00720",744
"vit_04s0079g00160",745
"vit_14s0060g00680",746
"vit_01s0010g00820",747
"vit_18s0041g00850",748
"vit_07s0005g02570",749
"vit_03s0038g00660",750
"vit_07s0129g00770",751
"vit_12s0057g01120",752
"vit_15s0021g01630",753
"vit_08s0007g05030",754
"vit_14s0081g00730",755
"vit_18s0001g08820",756
"vit_01s0150g00120",757
"vit_08s0007g02810",758
"vit_04s0023g02370",759
"vit_01s0011g04170",760
"vit_03s0038g01480",761
"vit_06s0009g03670",762
"vit_13s0067g01880",763
"vit_04s0008g07220",764
"vit_06s0004g04400",765
"vit_10s0003g01740",766
"vit_04s0069g00130",767
"vit_04s0044g01170",768
"vit_03s0063g01840",769
"vit_04s0008g07130",770
"vit_14s0066g00630",771
"vit_05s0094g00280",772
"vit_03s0063g00370",773
"vit_07s0031g01840",774
"vit_00s0658g00010",775
"vit_01s0010g01710",776
"vit_14s0068g00080",777
"vit_04s0008g01820",778
"vit_04s0008g01330",779
"vit_18s0089g00280",780
"vit_07s0151g00720",781
"vit_18s0001g10810",782
"vit_07s0104g01730",783
"vit_07s0005g04070",784
"vit_15s0048g01680",785
"vit_03s0038g01050",786
"vit_01s0026g01240",787
"vit_02s0025g04100",788
"vit_09s0002g02270",789
"vit_11s0037g01130",790
"vit_02s0012g01650",791
"vit_05s0077g01590",792
"vit_04s0043g00450",793
"vit_07s0130g00050",794
"vit_10s0003g05640",795
"vit_04s0023g03580",796
"vit_15s0046g02220",797
"vit_11s0016g01480",798
"vit_01s0011g04640",799
"vit_19s0014g03640",800
"vit_06s0004g03930",801
"vit_09s0096g00480",802
"vit_05s0094g01310",803
"vit_18s0001g12900",804
"vit_14s0060g01240",805
"vit_07s0005g00660",806
"vit_13s0067g00270",807
"vit_08s0007g02760",808
"vit_18s0001g13820<br>vit_18s0001g13830",809
"vit_13s0067g03200",810
"vit_03s0091g00530",811
"vit_03s0063g02080",812
"vit_06s0004g00030",813
"vit_00s0479g00020",814
"vit_16s0100g00770",815
"vit_07s0141g00890",816
"vit_13s0019g04440",817
"vit_12s0059g01380",818
"vit_18s0164g00100",819
"vit_16s0013g00620",820
"vit_06s0004g04190",821
"vit_00s0409g00080",822
"vit_13s0067g02340",823
"vit_02s0025g01020",824
"vit_06s0004g01000",825
"vit_17s0000g08160",826
"vit_14s0108g01220",827
"vit_18s0001g10270",828
"vit_15s0046g01640",829
"vit_16s0013g01120",830
"vit_08s0007g08240",831
"vit_06s0004g01030",832
"vit_07s0005g00260",833
"vit_13s0064g00460",834
"vit_17s0000g03600",835
"vit_11s0016g03020",836
"vit_01s0011g00700",837
"vit_03s0063g00830",838
"vit_05s0029g00420",839
"vit_13s0067g03130",840
"vit_12s0028g01840",841
"vit_06s0004g03720",842
"vit_11s0016g00290",843
"vit_17s0000g00980",844
"vit_05s0029g00080",845
"vit_06s0004g00340",846
"vit_06s0004g06600",847
"vit_09s0002g00370",848
"vit_18s0001g09060",849
"vit_12s0034g01270",850
"vit_08s0007g00430",851
"vit_12s0059g01720",852
"vit_18s0122g00360",853
"vit_18s0089g00060",854
"vit_00s0379g00070",855
"vit_04s0008g04790",856
"vit_06s0080g00120",857
"vit_18s0117g00290",858
"vit_09s0002g02800",859
"vit_00s1754g00010",860
"vit_02s0025g01810",861
"vit_00s0522g00010<br>vit_00s0266g00010<br>vit_00s0372g00070<br>vit_00s0372g00080<br>vit_00s0572g00010<br>vit_00s0372g00040<br>vit_00s0847g00020<br>vit_00s0572g00020",862
"vit_01s0011g05670",863
"vit_18s0122g00450",864
"vit_00s0337g00060",865
"vit_19s0014g02770",866
"vit_02s0025g02870",867
"vit_12s0028g02530",868
"vit_18s0001g01840",869
"vit_17s0000g00650",870
"vit_12s0028g00560",871
"vit_09s0002g06810",872
"vit_18s0001g09680",873
"vit_04s0008g06920",874
"vit_04s0044g00190",875
"vit_05s0051g00140",876
"vit_18s0001g06840",877
"vit_19s0014g04280",878
"vit_08s0007g08380",879
"vit_10s0003g05450",880
"vit_00s0204g00040",881
"vit_10s0003g03790",882
"vit_07s0031g03190",883
"vit_15s0021g02410",884
"vit_14s0108g00890",885
"vit_01s0010g03710",886
"vit_07s0005g05640",887
"vit_08s0058g01100",888
"vit_00s0399g00060",889
"vit_00s0357g00130",890
"vit_14s0083g01030",891
"vit_14s0060g00840",892
"vit_04s0044g01990",893
"vit_12s0035g02020",894
"vit_19s0093g00390",895
"vit_10s0116g01840",896
"vit_07s0005g06060",897
"vit_02s0488g00010",898
"vit_04s0008g05500",899
"vit_01s0010g01480",900
"vit_00s0420g00030",901
"vit_03s0038g04400",902
"vit_14s0219g00050",903
"vit_12s0057g00330",904
"vit_00s0437g00060",905
"vit_05s0077g00450",906
"vit_10s0003g00130",907
"vit_09s0002g02320",908
"vit_05s0049g00720",909
"vit_03s0063g00350",910
"vit_12s0057g00900",911
"vit_01s0026g00210",912
"vit_00s0510g00020",913
"vit_01s0011g03070",914
"vit_10s0003g01770",915
"vit_15s0021g00550",916
"vit_08s0040g01810",917
"vit_17s0000g00830",918
"vit_18s0001g02400",919
"vit_07s0031g01090",920
"vit_00s0301g00060",921
"vit_17s0000g02300",922
"vit_05s0049g00330",923
"vit_01s0010g01900",924
"vit_00s0203g00100",925
"vit_17s0000g01260",926
"vit_03s0063g02240",927
"vit_04s0008g07140",928
"vit_10s0071g01120",929
"vit_13s0019g02020",930
"vit_10s0003g00140",931
"vit_00s0229g00190",932
"vit_00s0271g00030<br>vit_00s0271g00060",933
"vit_07s0005g00940",934
"vit_05s0020g03360",935
"vit_11s0016g02440",936
"vit_05s0029g00180",937
"vit_05s0049g00290",938
"vit_06s0004g00820",939
"vit_04s0069g00640",940
"vit_18s0001g12200",941
"vit_02s0154g00600",942
"vit_11s0016g02740",943
"vit_08s0058g00100",944
"vit_06s0004g01020",945
"vit_06s0061g01430",946
"vit_11s0037g00290",947
"vit_11s0016g02470",948
"vit_03s0091g00090",949
"vit_07s0005g01240",950
"vit_13s0019g01820",951
"vit_12s0034g02560",952
"vit_19s0014g04150",953
"vit_08s0007g08970",954
"vit_16s0039g02150",955
"vit_00s0301g00150",956
"vit_04s0044g00510",957
"vit_13s0175g00050",958
"vit_15s0046g03420",959
"vit_00s0772g00020<br>vit_00s1291g00010",960
"vit_01s0011g05420",961
"vit_09s0002g04720",962
"vit_03s0063g02330",963
"vit_10s0003g00880",964
"vit_04s0008g01490",965
"vit_08s0040g01300",966
"vit_09s0002g01500",967
"vit_19s0027g00010",968
"vit_13s0064g01470",969
"vit_03s0063g02390",970
"vit_19s0085g00030",971
"vit_01s0010g00400",972.5
"vit_09s0002g03940",972.5
"vit_10s0116g01440",974
"vit_00s0357g00060<br>vit_00s0357g00080<br>vit_00s0556g00020<br>vit_00s0895g00010",975
"vit_11s0016g03080",976
"vit_07s0151g00530",977
"vit_14s0030g01100",978
"vit_03s0063g00980<br>vit_03s0063g01000",979
"vit_11s0016g01930",980
"vit_14s0006g00960",981
"vit_02s0025g04870",982
"vit_13s0019g03700",983
"vit_04s0023g02100",984
"vit_01s0011g04800",985
"vit_09s0002g02560",986
"vit_04s0008g03190",987
"vit_05s0102g00200",988
"vit_03s0088g00160",989
"vit_08s0007g01420",990
"vit_12s0035g01540",991
"vit_07s0005g03080",992
"vit_06s0004g08270",993
"vit_06s0004g00610",994
"vit_13s0064g01880",995
"vit_01s0011g04630",996
"vit_03s0091g00810",997
"vit_15s0021g01370",998
"vit_11s0016g05240",999
"vit_19s0014g02810",1000
"vit_16s0050g02570",1001
"vit_18s0001g09970",1002
"vit_18s0117g00070",1003
"vit_10s0071g00830",1004
"vit_03s0063g01210",1005
"vit_10s0003g02190",1006
"vit_08s0007g03310",1007
"vit_17s0000g08150",1008
"vit_18s0001g10870",1009
"vit_12s0028g01410",1010
"vit_05s0020g01750",1011
"vit_00s2558g00010",1012
"vit_10s0003g01670",1013
"vit_00s0294g00080",1014
"vit_13s0019g05100",1015
"vit_13s0067g02940",1016
"vit_01s0011g02300",1017
"vit_11s0016g04800",1018
"vit_16s0050g00550",1019
"vit_12s0178g00040",1020
"vit_05s0124g00720",1021
"vit_10s0003g01030",1022
"vit_15s0046g02070",1023
"vit_07s0151g00010",1024
"vit_10s0003g04340",1025
"vit_13s0019g01390",1026
"vit_10s0003g00580",1027
"vit_10s0003g05720",1028
"vit_03s0038g01940",1029
"vit_18s0001g13780",1030
"vit_06s0004g04890",1031
"vit_16s0022g00440",1032
"vit_07s0031g02510",1033
"vit_14s0060g02170",1034
"vit_14s0036g01380",1035
"vit_03s0038g04730",1036
"vit_09s0002g02970",1037
"vit_11s0065g00520",1038
"vit_11s0037g00690",1039
"vit_16s0050g01180",1040
"vit_17s0000g08320",1041
"vit_18s0041g01520",1042
"vit_06s0004g06960",1043
"vit_04s0008g03570",1044
"vit_11s0052g00610",1045
"vit_06s0004g07830",1046
"vit_01s0011g02680",1047
"vit_17s0000g07400",1048
"vit_00s1542g00020",1049
"vit_00s1319g00010",1050
"vit_18s0001g07380",1051
"vit_00s0285g00080<br>vit_10s0116g01220<br>vit_00s0319g00050",1052
"vit_16s0013g00370",1053
"vit_11s0052g01060",1054
"vit_03s0038g03510",1055
"vit_12s0035g01910",1056
"vit_07s0005g03200",1057
"vit_11s0052g01210",1058
"vit_16s0013g01760",1059
"vit_01s0010g00900",1060
"vit_15s0046g01160",1061
"vit_12s0035g00800",1062
"vit_08s0040g01540",1063
"vit_19s0014g00760",1064
"vit_09s0054g00910",1065
"vit_03s0088g00410",1066
"vit_05s0062g00740",1067
"vit_18s0001g01850",1068
"vit_01s0011g05790",1069
"vit_00s0567g00040",1070
"vit_10s0003g03540",1071
"vit_03s0110g00110<br>vit_00s0344g00020<br>vit_00s1871g00010",1072
"vit_12s0142g00780",1073
"vit_18s0072g00210",1074
"vit_12s0142g00190",1075
"vit_09s0018g01660",1076
"vit_15s0024g00440",1077
"vit_11s0016g00660",1078
"vit_14s0036g00140",1079
"vit_12s0059g00190",1080
"vit_19s0090g00840",1081
"vit_14s0083g00130",1082
"vit_10s0042g00700",1083
"vit_03s0038g01590",1084
"vit_16s0100g00010",1085
"vit_18s0001g14870",1086
"vit_15s0021g01910",1087
"vit_17s0000g01970",1088
"vit_15s0048g02820",1089
"vit_02s0025g02420",1090
"vit_04s0023g03760",1091.5
"vit_16s0039g01070",1091.5
"vit_08s0056g01590",1093
"vit_03s0038g00680",1094
"vit_09s0002g01350",1095
"vit_08s0007g06610",1096
"vit_05s0029g01140",1097
"vit_10s0003g01390",1098
"vit_10s0071g00210",1099
"vit_07s0129g00550",1100.5
"vit_01s0137g00460",1100.5
"vit_11s0016g01170",1102
"vit_07s0130g00390",1103
"vit_18s0001g10300",1104
"vit_02s0033g01000",1105.5
"vit_11s0052g01620",1105.5
"vit_06s0004g03590",1107
"vit_02s0025g04500",1108
"vit_02s0012g02710",1109
"vit_12s0057g01340",1110
"vit_07s0151g00130",1111
"vit_12s0028g03350",1112
"vit_03s0017g00980",1113
"vit_05s0165g00140",1114
"vit_11s0118g00360",1115
"vit_08s0040g01860",1116
"vit_01s0011g04040",1117
"vit_06s0009g01810",1118
"vit_07s0031g00710",1119
"vit_08s0007g02990",1120
"vit_12s0028g03630",1121
"vit_01s0026g00950",1122
"vit_00s0875g00010",1123
"vit_18s0001g13960",1124
"vit_11s0052g00100",1125
"vit_04s0023g01490",1126
"vit_12s0059g00180",1127
"vit_14s0066g00240",1128
"vit_01s0011g06080",1129
"vit_06s0009g00610",1130
"vit_13s0067g00680",1131
"vit_02s0025g00910",1132
"vit_09s0002g05370",1133
"vit_09s0002g01200",1134
"vit_13s0019g03420",1135
"vit_10s0003g02920",1136
"vit_15s0024g00280",1137
"vit_18s0001g04870",1138
"vit_02s0012g00640",1139
"vit_06s0061g00430",1140
"vit_08s0105g00420",1141
"vit_00s0288g00020",1142
"vit_02s0236g00050<br>vit_02s0236g00010",1143
"vit_03s0088g01300",1144
"vit_18s0122g01430",1145
"vit_09s0002g05810",1146
"vit_13s0019g02320",1147
"vit_10s0003g02930",1148
"vit_02s0033g01230",1149
"vit_13s0019g01180",1150
"vit_12s0028g02550",1151
"vit_19s0015g00300",1152
"vit_05s0051g00230",1153
"vit_09s0002g05890",1154
"vit_14s0006g01790",1155
"vit_08s0007g06140",1156
"vit_01s0011g04710",1157
"vit_05s0049g00460",1158
"vit_05s0094g00250",1159
"vit_02s0012g00870",1160
"vit_05s0020g00390",1161
"vit_11s0052g01180",1162
"vit_01s0011g02380",1163
"vit_09s0002g00530",1164
"vit_08s0007g08480",1165
"vit_00s0288g00060",1166
"vit_16s0050g02670",1167
"vit_02s0109g00310",1168
"vit_00s0181g00010",1169
"vit_12s0028g00270",1170
"vit_14s0083g01150",1171
"vit_00s0181g00150",1172
"vit_06s0004g01010",1173
"vit_08s0007g04860",1174
"vit_00s0437g00070",1175
"vit_18s0041g01800",1176
"vit_11s0052g01730",1177
"vit_00s0125g00410",1178
"vit_00s1352g00010",1179
"vit_05s0094g01080",1180
"vit_02s0025g04620",1181.5
"vit_08s0007g04890",1181.5
"vit_04s0044g00220",1183
"vit_10s0003g01380",1184
"vit_01s0010g02000",1185.5
"vit_16s0100g00880",1185.5
"vit_10s0116g01450",1187.5
"vit_19s0015g02730",1187.5
"vit_11s0016g03190",1189
"vit_18s0075g00960",1190
"vit_00s0455g00040",1191.5
"vit_17s0000g09160",1191.5
"vit_18s0117g00300",1193
"vit_04s0069g01010",1194
"vit_13s0019g05010",1195
"vit_01s0010g02450",1196
"vit_12s0035g00070",1197
"vit_13s0106g00360",1198
"vit_05s0020g03650",1199
"vit_12s0035g00580",1200
"vit_14s0036g00220",1201
"vit_10s0116g00340",1202
"vit_06s0004g07200",1203
"vit_13s0019g01490",1204
"vit_11s0016g05430",1205
"vit_18s0001g10200<br>vit_18s0001g10230",1206
"vit_17s0000g01980",1207
"vit_04s0008g06930",1208.5
"vit_18s0001g08040",1208.5
"vit_10s0003g00590",1210
"vit_08s0007g02050",1211
"vit_13s0019g01380",1212
"vit_01s0011g05440",1213
"vit_08s0105g00460",1214
"vit_18s0001g02390",1215
"vit_13s0067g01020",1216
"vit_16s0039g01790",1217
"vit_18s0001g14480",1218
"vit_13s0073g00400",1219
"vit_13s0019g03810",1220
"vit_04s0008g01850",1221
"vit_04s0008g01800",1222.5
"vit_05s0094g00320",1222.5
"vit_08s0007g08050",1224
"vit_10s0042g00880",1225
"vit_17s0119g00070",1226
"vit_07s0005g00740",1227
"vit_11s0078g00290",1228
"vit_11s0016g00900",1229
"vit_14s0083g00670",1230
"vit_07s0005g04620",1231
"vit_15s0048g01470",1232
"vit_07s0005g01510",1233
"vit_13s0067g01730",1234
"vit_12s0034g00160",1235
"vit_12s0059g00570",1236
"vit_02s0012g00730",1237
"vit_16s0039g00800",1238
"vit_09s0054g00970",1239
"vit_12s0028g02190",1240
"vit_07s0031g02570",1241
"vit_10s0042g00470",1242.5
"vit_12s0028g02800",1242.5
"vit_17s0000g04550",1244
"vit_18s0076g00380",1245
"vit_17s0000g05710",1246
"vit_00s1328g00020",1247.5
"vit_19s0014g01360",1247.5
"vit_03s0017g00870",1249.5
"vit_11s0016g03160",1249.5
"vit_14s0083g00690",1251
"vit_05s0020g02120",1252
"vit_18s0075g00660",1253.5
"vit_18s0041g02070",1253.5
"vit_15s0045g00100",1255.5
"vit_05s0062g01020",1255.5
"vit_02s0025g04420",1257
"vit_14s0081g00480",1258
"vit_12s0034g01320",1259
"vit_00s0357g00100",1260
"vit_14s0030g01960",1261
"vit_08s0058g00070",1262
"vit_01s0137g00700",1263
"vit_05s0102g00030",1265.5
"vit_06s0004g02960",1265.5
"vit_14s0006g01720",1265.5
"vit_08s0040g02110",1265.5
"vit_05s0029g00990",1268.5
"vit_05s0049g01550",1268.5
"vit_09s0054g01360",1270
"vit_00s0211g00150",1272
"vit_09s0018g00240",1272
"vit_14s0068g01250",1272
"vit_13s0139g00340",1275
"vit_10s0003g00260",1275
"vit_05s0094g01130",1275
"vit_10s0071g00760",1278.5
"vit_01s0137g00600",1278.5
"vit_00s1679g00010",1278.5
"vit_18s0001g10830",1278.5
"vit_04s0043g00220",1281
"vit_14s0030g00320",1282.5
"vit_00s0194g00320",1282.5
"vit_00s0347g00070",1284.5
"vit_00s0199g00310",1284.5
"vit_07s0130g00100",1286
"vit_18s0001g11120",1287
"vit_10s0116g01640",1288
"vit_01s0026g01910",1290
"vit_10s0003g02810",1290
"vit_09s0002g03700",1290
"vit_00s0256g00020<br>vit_00s0256g00010",1293.5
"vit_06s0061g01210",1293.5
"vit_04s0044g00680",1293.5
"vit_03s0132g00070",1293.5
"vit_05s0062g01320",1296
"vit_04s0008g01250",1297
"vit_01s0011g03780",1300
"vit_18s0117g00550",1300
"vit_16s0050g00480",1300
"vit_04s0008g00640",1300
"vit_19s0014g04240",1300
"vit_10s0092g00310",1303.5
"vit_01s0244g00120",1303.5
"vit_06s0004g03840",1305.5
"vit_15s0046g03150",1305.5
"vit_19s0085g00370",1309
"vit_18s0001g08410",1309
"vit_08s0058g00790",1309
"vit_08s0007g08500",1309
"vit_13s0067g00790",1309
"vit_04s0079g00630",1312
"vit_00s0203g00220",1313
"vit_12s0035g00920",1316
"vit_04s0023g00300",1316
"vit_06s0004g07080",1316
"vit_07s0130g00380",1316
"vit_04s0023g02900",1316
